{"assets/fonts/Montserrat-Bold.ttf":["assets/fonts/Montserrat-Bold.ttf"],"assets/fonts/Montserrat-Light.ttf":["assets/fonts/Montserrat-Light.ttf"],"assets/fonts/Montserrat-Regular.ttf":["assets/fonts/Montserrat-Regular.ttf"],"assets/fonts/Roxborough-CF.ttf":["assets/fonts/Roxborough-CF.ttf"],"assets/images/logo.svg":["assets/images/logo.svg"],"assets/images/training_imgs/bruteforce.png":["assets/images/training_imgs/bruteforce.png"],"assets/images/training_imgs/training1.jpg":["assets/images/training_imgs/training1.jpg"],"assets/images/training_imgs/training2.jpg":["assets/images/training_imgs/training2.jpg"],"assets/images/training_imgs/training3.jpg":["assets/images/training_imgs/training3.jpg"],"packages/cupertino_icons/assets/CupertinoIcons.ttf":["packages/cupertino_icons/assets/CupertinoIcons.ttf"],"packages/flutter_inappwebview/assets/t_rex_runner/t-rex.css":["packages/flutter_inappwebview/assets/t_rex_runner/t-rex.css"],"packages/flutter_inappwebview/assets/t_rex_runner/t-rex.html":["packages/flutter_inappwebview/assets/t_rex_runner/t-rex.html"],"packages/flutter_inappwebview_web/assets/web/web_support.js":["packages/flutter_inappwebview_web/assets/web/web_support.js"],"packages/youtube_player_flutter/assets/speedometer.webp":["packages/youtube_player_flutter/assets/speedometer.webp"]}